{
    "final_metrics": {
        "validation_loss": 0.304930716753006,
        "validation_accuracy": 0.8984771370887756,
        "validation_precision": 0.8784313797950745,
        "validation_recall": 0.9218106865882874,
        "validation_f1_score": 0.8995983911834203,
        "roc_auc": 0.9552232036088638,
        "confusion_matrix": {
            "true_negatives": 437,
            "false_positives": 62,
            "false_negatives": 38,
            "true_positives": 448
        },
        "classification_report": {
            "Other Styles": {
                "precision": 0.92,
                "recall": 0.875751503006012,
                "f1-score": 0.8973305954825462,
                "support": 499.0
            },
            "Impressionism": {
                "precision": 0.8784313725490196,
                "recall": 0.9218106995884774,
                "f1-score": 0.8995983935742972,
                "support": 486.0
            },
            "accuracy": 0.8984771573604061,
            "macro avg": {
                "precision": 0.8992156862745098,
                "recall": 0.8987811012972446,
                "f1-score": 0.8984644945284217,
                "support": 985.0
            },
            "weighted avg": {
                "precision": 0.8994899970140341,
                "recall": 0.8984771573604061,
                "f1-score": 0.8984495293633492,
                "support": 985.0
            }
        }
    },
    "training_history": {
        "accuracy": [
            0.7911585569381714,
            0.8658536672592163,
            0.8729674816131592,
            0.877540647983551,
            0.8780487775802612,
            0.8810975551605225,
            0.8816056847572327,
            0.8831300735473633,
            0.8841463327407837,
            0.883892297744751,
            0.8854166865348816,
            0.8869410753250122,
            0.8887194991111755,
            0.888973593711853,
            0.891514241695404,
            0.8932926654815674,
            0.8927845358848572,
            0.894817054271698,
            0.8950711488723755,
            0.8955792784690857,
            0.8960874080657959,
            0.8971036672592163,
            0.8978658318519592,
            0.8981199264526367,
            0.8991361856460571,
            0.8991361856460571,
            0.9004064798355103,
            0.9009146094322205,
            0.9009146094322205,
            0.9014227390289307,
            0.9019308686256409,
            0.9021849632263184,
            0.9026930928230286,
            0.9044715166091919,
            0.9047256112098694,
            0.9044715166091919,
            0.9052337408065796,
            0.9049796462059021,
            0.9057418704032898,
            0.9052337408065796
        ],
        "loss": [
            0.6445387601852417,
            0.5614630579948425,
            0.5025076270103455,
            0.45988729596138,
            0.4283290207386017,
            0.4047565758228302,
            0.3866651654243469,
            0.37258297204971313,
            0.36110541224479675,
            0.3519352376461029,
            0.34414198994636536,
            0.3377234935760498,
            0.33241382241249084,
            0.3277058005332947,
            0.32364898920059204,
            0.32016825675964355,
            0.3170487880706787,
            0.3143331706523895,
            0.31197503209114075,
            0.3097842335700989,
            0.3078145682811737,
            0.3060339689254761,
            0.3045905828475952,
            0.3031448423862457,
            0.30177897214889526,
            0.30058199167251587,
            0.29955190420150757,
            0.29862508177757263,
            0.2977287769317627,
            0.29684337973594666,
            0.2961142063140869,
            0.2954416573047638,
            0.2947700619697571,
            0.29423987865448,
            0.29367706179618835,
            0.29313749074935913,
            0.29268279671669006,
            0.2922115623950958,
            0.29193514585494995,
            0.2915274202823639
        ],
        "precision": [
            0.7308642268180847,
            0.8097112774848938,
            0.828181803226471,
            0.8381128311157227,
            0.8404651284217834,
            0.8464788794517517,
            0.8482563495635986,
            0.8523266911506653,
            0.8532763719558716,
            0.8538790941238403,
            0.8549690842628479,
            0.8584409356117249,
            0.8616714477539062,
            0.8600095510482788,
            0.8634403347969055,
            0.8666987419128418,
            0.8676328659057617,
            0.868852436542511,
            0.867851972579956,
            0.8693975806236267,
            0.8705939054489136,
            0.8715596199035645,
            0.8728240132331848,
            0.8732462525367737,
            0.8742138147354126,
            0.8753032684326172,
            0.8741562366485596,
            0.875,
            0.875,
            0.8765730857849121,
            0.8770571351051331,
            0.8763881921768188,
            0.8786996603012085,
            0.8794772624969482,
            0.8780722618103027,
            0.8791102766990662,
            0.8803874254226685,
            0.8795937895774841,
            0.8794018626213074,
            0.8818668127059937
        ],
        "recall": [
            0.9135802388191223,
            0.9521604776382446,
            0.9372428059577942,
            0.9320987462997437,
            0.9295267462730408,
            0.9274691343307495,
            0.9259259104728699,
            0.923353910446167,
            0.9243826866149902,
            0.9228395223617554,
            0.9248971343040466,
            0.923353910446167,
            0.9228395223617554,
            0.9259259104728699,
            0.9269547462463379,
            0.9264403581619263,
            0.9238682985305786,
            0.9269547462463379,
            0.9290123581886292,
            0.9279835224151611,
            0.9274691343307495,
            0.9284979701042175,
            0.9284979701042175,
            0.9284979701042175,
            0.9295267462730408,
            0.9279835224151611,
            0.9326131939888,
            0.9326131939888,
            0.9326131939888,
            0.931584358215332,
            0.9320987462997437,
            0.9336419701576233,
            0.931584358215332,
            0.9346708059310913,
            0.9372428059577942,
            0.9351851940155029,
            0.9351851940155029,
            0.9356995820999146,
            0.9377571940422058,
            0.9331275820732117
        ],
        "val_accuracy": [
            0.8558375835418701,
            0.8680202960968018,
            0.876142144203186,
            0.8812182545661926,
            0.8822335004806519,
            0.8832487463951111,
            0.886294424533844,
            0.886294424533844,
            0.8873096704483032,
            0.886294424533844,
            0.8832487463951111,
            0.8812182545661926,
            0.8822335004806519,
            0.8842639327049255,
            0.886294424533844,
            0.886294424533844,
            0.886294424533844,
            0.8873096704483032,
            0.8873096704483032,
            0.8883248567581177,
            0.8893401026725769,
            0.8883248567581177,
            0.8913705348968506,
            0.8923857808113098,
            0.893401026725769,
            0.893401026725769,
            0.8944162726402283,
            0.8944162726402283,
            0.8944162726402283,
            0.8923857808113098,
            0.8944162726402283,
            0.8954314589500427,
            0.8954314589500427,
            0.896446704864502,
            0.8974619507789612,
            0.8974619507789612,
            0.8974619507789612,
            0.8974619507789612,
            0.8974619507789612,
            0.8984771370887756
        ],